Math,Programming,Communication,Creativity,Problem_Solving,Interest,Career
High,High,Medium,Low,High,Technology,Software Engineer
High,High,High,Medium,High,Technology,Data Scientist
High,High,Medium,High,High,Technology,AI Engineer
Medium,High,High,High,Medium,Technology,Web Developer
High,Low,High,High,Medium,Business,Entrepreneur
Medium,Low,High,High,Medium,Business,Marketing Manager
Low,Low,High,High,Medium,Creative,Graphic Designer
Medium,Low,High,High,High,Creative,UI UX Designer
High,High,Medium,Low,High,Technology,Machine Learning Engineer
High,Medium,High,Low,High,Finance,Financial Analyst
High,Low,High,Medium,High,Business,Business Analyst
Medium,High,High,Medium,High,Technology,Cyber Security Analyst
Low,Medium,High,High,Medium,Creative,Content Creator
High,High,Medium,Medium,High,Technology,Data Analyst
Medium,Low,High,High,High,Business,HR Manager