Math,Programming,Communication,Creativity,Problem_Solving,Analytical_Thinking,Leadership,Interest,Career
Medium,Medium,Medium,Medium,High,High,Low,Technology,Software Engineer
High,Medium,High,Medium,Medium,Medium,Low,Technology,Software Engineer
High,High,High,High,Medium,High,Low,Technology,Software Engineer
High,High,Medium,Medium,High,High,Low,Technology,Software Engineer
High,High,Medium,Medium,High,High,Low,Technology,Software Engineer
Medium,Medium,Medium,Low,High,High,Medium,Technology,Software Engineer
High,Medium,Medium,High,Medium,High,Low,Technology,Software Engineer
High,High,High,Medium,High,High,Low,Technology,Software Engineer
Medium,High,Medium,Low,High,Medium,Low,Technology,Software Engineer
High,High,Medium,Medium,High,High,Low,Technology,Software Engineer
High,Medium,High,Medium,High,High,Low,Technology,Software Engineer
High,High,Medium,High,High,High,Low,Technology,Software Engineer
High,Medium,Medium,Medium,High,Medium,Low,Technology,Software Engineer
High,High,Medium,Medium,High,High,Low,Technology,Software Engineer
High,High,Medium,High,High,High,Medium,Technology,Software Engineer
High,High,Medium,Medium,High,High,Medium,Technology,Software Engineer
High,Medium,Low,Low,High,High,Low,Technology,Software Engineer
High,Medium,Medium,Medium,High,High,Medium,Technology,Software Engineer
High,High,Low,Low,High,High,Low,Technology,Software Engineer
Medium,High,Medium,Medium,High,Medium,Low,Technology,Software Engineer
High,High,High,Low,High,High,Medium,Technology,Software Engineer
High,High,Medium,Medium,High,High,Low,Technology,Software Engineer
High,High,Medium,Low,Medium,High,Low,Technology,Software Engineer
High,Medium,Medium,High,Medium,Medium,Low,Technology,Software Engineer
Medium,High,Medium,Medium,High,High,Low,Technology,Software Engineer
High,High,High,Medium,High,High,Low,Technology,Software Engineer
High,High,Medium,Medium,High,High,Low,Technology,Software Engineer
High,High,Low,Medium,Medium,High,Medium,Technology,Software Engineer
High,High,Medium,Low,Medium,Medium,Low,Technology,Software Engineer
Medium,Medium,Medium,Low,High,High,Low,Technology,Software Engineer
High,High,High,Medium,High,High,Low,Technology,Software Engineer
High,High,Medium,Medium,Medium,Medium,Low,Technology,Software Engineer
High,High,Medium,Medium,Medium,Medium,Low,Technology,Software Engineer
High,High,Low,Medium,High,High,Medium,Technology,Software Engineer
High,High,Medium,Medium,High,High,Low,Technology,Software Engineer
Medium,High,High,Low,Medium,High,Low,Technology,Software Engineer
Medium,High,Medium,Medium,High,High,Low,Technology,Software Engineer
High,Medium,Medium,Medium,Medium,High,Low,Technology,Software Engineer
High,High,Medium,High,High,High,Low,Technology,Software Engineer
High,High,Low,High,High,Medium,Low,Technology,Software Engineer
Medium,Medium,High,Medium,High,High,Low,Technology,Software Engineer
Medium,High,Low,Medium,Medium,High,Low,Technology,Software Engineer
High,High,Low,High,High,High,Medium,Technology,Software Engineer
Medium,High,Low,Medium,High,High,Medium,Technology,Software Engineer
High,High,Medium,Medium,High,High,Low,Technology,Software Engineer
High,High,Medium,Medium,Medium,Medium,Low,Technology,Software Engineer
High,High,Low,Low,High,High,Medium,Technology,Software Engineer
High,High,Medium,Low,High,High,Low,Technology,Software Engineer
High,High,High,Medium,High,High,Low,Technology,Software Engineer
High,High,Low,Medium,High,Medium,Low,Technology,Software Engineer
High,High,Medium,Medium,High,High,Low,Technology,Software Engineer
High,High,High,Medium,High,Medium,Low,Technology,Software Engineer
High,High,Low,Low,High,High,Low,Technology,Software Engineer
High,High,High,Medium,High,Medium,Low,Technology,Software Engineer
Medium,High,High,Low,High,High,Medium,Technology,Software Engineer
High,High,Medium,Low,High,High,Low,Technology,Software Engineer
High,High,Medium,Low,High,High,Low,Technology,Software Engineer
High,High,Medium,Medium,High,High,Low,Technology,Software Engineer
High,High,Medium,Medium,High,High,Low,Technology,Software Engineer
High,Medium,Medium,Medium,High,High,Low,Technology,Software Engineer
High,High,Medium,Low,High,High,Low,Technology,Software Engineer
High,Medium,Medium,Medium,High,High,Medium,Technology,Software Engineer
High,Medium,Low,Medium,High,High,Low,Technology,Software Engineer
Medium,Medium,High,Medium,High,High,Low,Technology,Software Engineer
High,High,Low,Medium,High,High,Low,Technology,Software Engineer
Medium,High,Low,High,High,High,Low,Technology,Software Engineer
High,Medium,Medium,High,High,Medium,Low,Technology,Software Engineer
High,High,Medium,Medium,High,High,Medium,Technology,Software Engineer
High,High,Medium,Medium,High,High,Medium,Technology,Software Engineer
High,High,High,Low,High,High,Low,Technology,Software Engineer
High,High,High,Medium,High,High,Low,Technology,Software Engineer
High,High,Medium,Medium,Medium,High,Medium,Technology,Software Engineer
High,High,Low,Medium,High,High,Low,Technology,Software Engineer
High,Medium,Low,Medium,High,High,Low,Technology,Software Engineer
High,High,High,Medium,High,High,Low,Technology,Software Engineer
High,High,Low,Low,High,High,Low,Technology,Software Engineer
High,High,Low,High,High,Medium,Low,Technology,Software Engineer
High,High,High,High,High,High,Low,Technology,Software Engineer
High,High,Medium,High,High,High,Low,Technology,Software Engineer
High,High,Medium,Medium,High,High,Low,Technology,Software Engineer
High,High,Low,Medium,High,High,Low,Technology,Software Engineer
High,High,Low,Medium,High,High,Low,Technology,Software Engineer
High,High,Low,Medium,High,High,Medium,Technology,Software Engineer
High,High,Low,Medium,High,High,Medium,Technology,Software Engineer
Medium,High,Medium,Medium,Medium,High,Low,Technology,Software Engineer
High,High,High,High,High,High,Low,Technology,Software Engineer
High,High,Medium,Medium,Medium,High,Low,Technology,Software Engineer
High,High,Medium,Medium,High,High,Low,Technology,Software Engineer
High,High,High,Low,Medium,High,Low,Technology,Software Engineer
High,High,Low,Medium,High,High,Low,Technology,Software Engineer
High,High,Medium,Medium,High,High,Low,Technology,Software Engineer
Medium,High,Low,High,Medium,High,Low,Technology,Software Engineer
Medium,Medium,Low,Medium,High,Medium,Medium,Technology,Software Engineer
High,High,Medium,Medium,Medium,High,Low,Technology,Software Engineer
High,High,Medium,Medium,High,High,Low,Technology,Software Engineer
High,High,Low,High,Medium,High,Medium,Technology,Software Engineer
High,High,Medium,Low,High,High,Low,Technology,Software Engineer
High,High,Low,High,Medium,High,Medium,Technology,Software Engineer
High,High,Low,High,High,Medium,Low,Technology,Software Engineer
High,Medium,Medium,Medium,High,High,Low,Technology,Software Engineer
High,High,Medium,Medium,High,High,Low,Technology,Data Scientist
High,High,Medium,Low,High,Medium,Low,Technology,Data Scientist
High,High,Medium,Medium,High,High,Low,Technology,Data Scientist
Medium,High,Medium,Low,High,High,Low,Technology,Data Scientist
High,High,Medium,Medium,High,High,Low,Technology,Data Scientist
High,High,Low,Low,High,High,Medium,Technology,Data Scientist
High,High,Medium,Low,Medium,Medium,Low,Technology,Data Scientist
High,High,Medium,Low,High,High,Low,Technology,Data Scientist
High,High,Medium,Low,High,High,Low,Technology,Data Scientist
High,High,Medium,Low,High,Medium,Low,Technology,Data Scientist
High,Medium,High,Low,High,High,Low,Technology,Data Scientist
High,High,High,Medium,High,Medium,Low,Technology,Data Scientist
High,High,Medium,Low,High,Medium,Medium,Technology,Data Scientist
High,High,Low,Low,High,High,Low,Technology,Data Scientist
High,Medium,Low,Medium,High,High,Low,Technology,Data Scientist
High,High,Medium,Low,High,High,Low,Technology,Data Scientist
Medium,High,Medium,Low,High,Medium,Low,Technology,Data Scientist
High,High,Medium,Low,High,Medium,Medium,Technology,Data Scientist
High,High,High,Medium,High,High,Low,Technology,Data Scientist
High,High,Medium,Medium,High,High,Medium,Technology,Data Scientist
High,Medium,High,Low,High,High,Low,Technology,Data Scientist
Medium,High,Medium,Low,High,Medium,Low,Technology,Data Scientist
Medium,High,Medium,Medium,High,High,Low,Technology,Data Scientist
High,High,Medium,Low,Medium,High,Low,Technology,Data Scientist
High,High,Medium,Low,High,High,Low,Technology,Data Scientist
High,High,Low,Low,High,High,Medium,Technology,Data Scientist
High,High,Medium,Low,High,High,Low,Technology,Data Scientist
High,High,High,Low,High,Medium,Medium,Technology,Data Scientist
Medium,High,Medium,Medium,High,Medium,Low,Technology,Data Scientist
High,High,High,Low,High,High,Low,Technology,Data Scientist
High,High,High,Low,High,High,Medium,Technology,Data Scientist
High,High,Low,Low,High,High,Low,Technology,Data Scientist
High,Medium,Medium,Low,High,High,Low,Technology,Data Scientist
High,High,Low,Low,Medium,High,Low,Technology,Data Scientist
High,Medium,Medium,Medium,Medium,High,Low,Technology,Data Scientist
High,Medium,Medium,Medium,High,High,Low,Technology,Data Scientist
High,Medium,Medium,Low,High,High,Low,Technology,Data Scientist
High,High,Low,Low,High,High,Low,Technology,Data Scientist
High,High,Low,Medium,High,Medium,Low,Technology,Data Scientist
Medium,High,Low,Low,High,High,Medium,Technology,Data Scientist
High,High,Medium,Low,High,High,Medium,Technology,Data Scientist
High,High,Medium,Medium,High,High,Low,Technology,Data Scientist
High,High,Medium,Medium,High,Medium,Low,Technology,Data Scientist
High,High,High,Low,High,High,Medium,Technology,Data Scientist
High,High,Medium,Medium,High,High,Low,Technology,Data Scientist
High,High,Medium,Medium,High,High,Low,Technology,Data Scientist
Medium,High,Medium,Low,High,High,Low,Technology,Data Scientist
Medium,High,High,Medium,High,Medium,Low,Technology,Data Scientist
Medium,High,Medium,Low,High,High,Low,Technology,Data Scientist
Medium,High,Medium,Low,High,High,Low,Technology,Data Scientist
High,High,Medium,Low,High,High,Low,Technology,Data Scientist
High,Medium,Medium,Low,High,Medium,Low,Technology,Data Scientist
Medium,Medium,Medium,Low,High,Medium,Low,Technology,Data Scientist
High,Medium,Medium,Low,High,High,Low,Technology,Data Scientist
High,High,Medium,Medium,High,High,Low,Technology,Data Scientist
Medium,High,Medium,Medium,High,High,Medium,Technology,Data Scientist
High,High,Medium,Low,High,High,Low,Technology,Data Scientist
High,High,High,Low,Medium,High,Low,Technology,Data Scientist
High,High,Medium,Low,High,High,Low,Technology,Data Scientist
High,High,Low,Low,High,High,Low,Technology,Data Scientist
High,High,Medium,Low,High,High,Low,Technology,Data Scientist
High,Medium,High,Low,High,High,Medium,Technology,Data Scientist
High,High,Medium,Medium,High,High,Low,Technology,Data Scientist
Medium,High,Medium,Low,High,High,Low,Technology,Data Scientist
Medium,High,Medium,Low,High,High,Low,Technology,Data Scientist
High,High,High,Medium,High,High,Low,Technology,Data Scientist
High,High,Medium,Low,High,Medium,Low,Technology,Data Scientist
High,High,High,Low,Medium,High,Low,Technology,Data Scientist
High,High,Low,Low,High,High,Medium,Technology,Data Scientist
High,High,Low,Low,High,Medium,Medium,Technology,Data Scientist
High,High,High,Low,Medium,High,Low,Technology,Data Scientist
High,Medium,Medium,Low,Medium,High,Low,Technology,Data Scientist
Medium,Medium,Medium,Medium,High,High,Low,Technology,Data Scientist
High,High,Medium,Medium,High,High,Low,Technology,Data Scientist
High,High,Medium,Low,Medium,High,Low,Technology,Data Scientist
High,High,Medium,Low,Medium,High,Medium,Technology,Data Scientist
High,Medium,Medium,Low,High,Medium,Low,Technology,Data Scientist
Medium,High,High,Low,Medium,High,Low,Technology,Data Scientist
High,High,Medium,Low,High,High,Medium,Technology,Data Scientist
High,High,Medium,Low,High,Medium,Low,Technology,Data Scientist
High,High,High,Low,High,Medium,Low,Technology,Data Scientist
High,Medium,Medium,Low,High,High,Low,Technology,Data Scientist
High,High,Low,Low,High,High,Low,Technology,Data Scientist
Medium,High,Medium,Low,High,High,Low,Technology,Data Scientist
High,High,Medium,Medium,Medium,High,Low,Technology,Data Scientist
High,Medium,Low,Low,High,High,Low,Technology,Data Scientist
High,High,Low,Low,High,High,Low,Technology,Data Scientist
Medium,High,Medium,Medium,High,High,Low,Technology,Data Scientist
High,High,High,Low,High,High,Medium,Technology,Data Scientist
High,Medium,Low,Medium,High,High,Low,Technology,Data Scientist
High,High,Medium,Low,High,High,Low,Technology,Data Scientist
High,High,Medium,Low,High,High,Low,Technology,Data Scientist
Medium,Medium,Low,Low,High,Medium,Low,Technology,Data Scientist
High,High,Low,Medium,High,High,Low,Technology,Data Scientist
Medium,High,Medium,Low,Medium,High,Medium,Technology,Data Scientist
High,High,Low,Medium,High,High,Low,Technology,Data Scientist
High,High,Low,Low,High,High,Low,Technology,Data Scientist
High,High,Medium,Low,High,High,Medium,Technology,Data Scientist
High,Medium,High,Low,Medium,High,Low,Technology,Data Scientist
High,High,Medium,Low,High,High,Medium,Technology,Data Scientist
High,Medium,Low,Low,Medium,High,Low,Technology,AI Engineer
High,High,Low,Medium,High,High,Low,Technology,AI Engineer
High,High,Medium,Low,Medium,High,Low,Technology,AI Engineer
High,Medium,Low,Medium,High,High,Low,Technology,AI Engineer
High,High,Low,Medium,High,High,Low,Technology,AI Engineer
High,High,Low,Medium,High,High,Medium,Technology,AI Engineer
High,Medium,Low,Medium,High,Medium,Low,Technology,AI Engineer
High,High,Low,Medium,High,High,Low,Technology,AI Engineer
Medium,Medium,Low,Medium,High,High,Low,Technology,AI Engineer
High,High,Medium,High,High,Medium,Low,Technology,AI Engineer
Medium,High,Low,Medium,Medium,High,Medium,Technology,AI Engineer
High,High,Low,Medium,High,Medium,Low,Technology,AI Engineer
Medium,High,Low,High,High,High,Low,Technology,AI Engineer
High,Medium,Low,Medium,High,High,Medium,Technology,AI Engineer
Medium,High,Low,Medium,High,High,Low,Technology,AI Engineer
Medium,High,Low,High,High,High,Low,Technology,AI Engineer
High,High,Low,Low,High,High,Low,Technology,AI Engineer
High,High,Low,Low,High,High,Low,Technology,AI Engineer
High,High,Low,High,High,High,Low,Technology,AI Engineer
High,High,Low,Medium,High,High,Low,Technology,AI Engineer
High,Medium,Low,High,Medium,High,Low,Technology,AI Engineer
High,Medium,Low,Medium,High,Medium,Low,Technology,AI Engineer
High,High,Medium,Medium,High,High,Medium,Technology,AI Engineer
Medium,High,Medium,Medium,High,High,Low,Technology,AI Engineer
High,High,Low,Medium,Medium,High,Low,Technology,AI Engineer
High,High,Low,Medium,High,High,Medium,Technology,AI Engineer
High,High,Low,Medium,High,High,Low,Technology,AI Engineer
High,High,Medium,Low,High,Medium,Low,Technology,AI Engineer
Medium,High,Low,Medium,High,High,Low,Technology,AI Engineer
High,Medium,Medium,Medium,High,High,Low,Technology,AI Engineer
High,High,Low,Medium,High,High,Low,Technology,AI Engineer
High,High,Low,Medium,High,High,Low,Technology,AI Engineer
High,High,Low,Medium,High,High,Low,Technology,AI Engineer
High,High,Low,Low,High,Medium,Medium,Technology,AI Engineer
High,High,Low,Medium,High,High,Medium,Technology,AI Engineer
High,High,Low,Medium,High,High,Low,Technology,AI Engineer
Medium,High,Low,Medium,High,High,Low,Technology,AI Engineer
High,High,Medium,Medium,High,High,Low,Technology,AI Engineer
High,High,Low,Medium,High,High,Medium,Technology,AI Engineer
High,High,Low,Medium,High,High,Low,Technology,AI Engineer
Medium,High,Low,High,Medium,High,Low,Technology,AI Engineer
High,Medium,Low,Medium,High,High,Low,Technology,AI Engineer
High,Medium,Low,Medium,High,Medium,Low,Technology,AI Engineer
Medium,High,Medium,Medium,High,High,Low,Technology,AI Engineer
High,High,Low,Medium,Medium,High,Low,Technology,AI Engineer
High,Medium,Low,Medium,High,High,Low,Technology,AI Engineer
High,Medium,Low,Low,High,High,Low,Technology,AI Engineer
High,High,Medium,Medium,Medium,High,Low,Technology,AI Engineer
High,Medium,Low,Medium,High,High,Low,Technology,AI Engineer
Medium,Medium,Low,High,High,Medium,Medium,Technology,AI Engineer
High,High,Low,Medium,High,Medium,Medium,Technology,AI Engineer
High,High,Medium,Medium,High,Medium,Medium,Technology,AI Engineer
High,Medium,Medium,High,High,High,Medium,Technology,AI Engineer
Medium,High,Low,Low,High,High,Low,Technology,AI Engineer
Medium,High,Low,Medium,High,Medium,Medium,Technology,AI Engineer
High,High,Low,Medium,High,High,Low,Technology,AI Engineer
High,High,Low,Medium,Medium,High,Low,Technology,AI Engineer
High,High,Low,Medium,Medium,High,Low,Technology,AI Engineer
High,High,Medium,Medium,High,Medium,Low,Technology,AI Engineer
High,High,Low,Medium,High,Medium,Low,Technology,AI Engineer
High,High,Low,Medium,High,High,Low,Technology,AI Engineer
High,High,Medium,Medium,Medium,High,Low,Technology,AI Engineer
High,High,Low,High,High,High,Low,Technology,AI Engineer
Medium,High,Low,Medium,High,High,Low,Technology,AI Engineer
High,High,Low,Medium,Medium,High,Medium,Technology,AI Engineer
High,High,Low,Low,High,High,Medium,Technology,AI Engineer
High,Medium,Low,High,High,Medium,Low,Technology,AI Engineer
Medium,High,Low,Medium,High,High,Low,Technology,AI Engineer
High,High,Low,Medium,High,High,Low,Technology,AI Engineer
High,High,Medium,Medium,High,High,Low,Technology,AI Engineer
High,Medium,Low,Medium,High,High,Low,Technology,AI Engineer
High,Medium,Low,Medium,High,High,Medium,Technology,AI Engineer
High,High,Low,Low,High,Medium,Low,Technology,AI Engineer
High,High,Low,Medium,High,Medium,Medium,Technology,AI Engineer
High,High,Low,Medium,High,High,Medium,Technology,AI Engineer
High,Medium,Low,Medium,High,High,Low,Technology,AI Engineer
High,High,Medium,Medium,High,High,Low,Technology,AI Engineer
High,Medium,Low,Medium,High,High,Medium,Technology,AI Engineer
High,High,Medium,Low,High,High,Low,Technology,AI Engineer
High,High,Medium,Medium,High,High,Medium,Technology,AI Engineer
High,High,Low,High,Medium,Medium,Medium,Technology,AI Engineer
High,High,Low,Medium,High,High,Low,Technology,AI Engineer
High,High,Low,Medium,High,High,Low,Technology,AI Engineer
High,High,Medium,High,Medium,High,Low,Technology,AI Engineer
High,High,Low,Medium,High,High,Low,Technology,AI Engineer
High,Medium,Low,Low,Medium,High,Low,Technology,AI Engineer
High,High,Low,High,Medium,High,Medium,Technology,AI Engineer
High,High,Low,Medium,High,High,Low,Technology,AI Engineer
Medium,Medium,Low,Medium,High,High,Low,Technology,AI Engineer
High,High,Medium,Medium,High,High,Low,Technology,AI Engineer
High,High,Low,High,High,Medium,Low,Technology,AI Engineer
High,High,Low,Medium,High,High,Low,Technology,AI Engineer
Medium,Medium,Low,Medium,High,High,Low,Technology,AI Engineer
High,High,Medium,Medium,High,High,Low,Technology,AI Engineer
High,High,Low,Medium,High,Medium,Low,Technology,AI Engineer
High,High,Low,Medium,High,High,Low,Technology,AI Engineer
Medium,Medium,Low,Medium,High,High,Low,Technology,AI Engineer
High,Medium,Low,Medium,High,High,Low,Technology,AI Engineer
High,High,Low,Medium,Medium,High,Medium,Technology,AI Engineer
High,High,Medium,Medium,Medium,High,Medium,Technology,AI Engineer
Medium,High,Medium,High,High,Low,Low,Technology,Web Developer
Low,High,Medium,High,High,Medium,Low,Technology,Web Developer
Medium,High,High,High,High,Low,Low,Technology,Web Developer
Low,High,Medium,High,High,Medium,Low,Technology,Web Developer
High,High,Medium,High,High,Medium,Low,Technology,Web Developer
Medium,High,Medium,High,Medium,High,Medium,Technology,Web Developer
High,High,High,High,Medium,Low,Low,Technology,Web Developer
Medium,Medium,Medium,High,Medium,Low,Medium,Technology,Web Developer
Medium,High,High,High,Medium,Low,Medium,Technology,Web Developer
Medium,High,High,High,Medium,Medium,Low,Technology,Web Developer
Low,High,Low,High,Low,Medium,Low,Technology,Web Developer
Medium,High,Medium,High,Medium,High,Medium,Technology,Web Developer
Medium,Medium,Medium,High,Medium,High,Low,Technology,Web Developer
Medium,High,Medium,High,Medium,Medium,Medium,Technology,Web Developer
Medium,High,Medium,High,High,Medium,Low,Technology,Web Developer
Medium,High,High,High,Medium,Medium,Low,Technology,Web Developer
Medium,High,Medium,High,Medium,High,Low,Technology,Web Developer
Medium,Medium,High,High,Medium,Medium,Low,Technology,Web Developer
Medium,High,Low,High,Low,Medium,Low,Technology,Web Developer
Medium,High,Medium,High,High,Medium,Medium,Technology,Web Developer
Medium,High,Low,High,High,Medium,Low,Technology,Web Developer
Low,High,Medium,High,Low,Low,Low,Technology,Web Developer
Medium,High,Low,High,Low,High,Low,Technology,Web Developer
Medium,High,Medium,High,Medium,Medium,Low,Technology,Web Developer
Low,Medium,High,High,High,Low,Low,Technology,Web Developer
Medium,High,Low,High,Medium,Medium,Low,Technology,Web Developer
Low,Medium,Medium,High,High,Low,Low,Technology,Web Developer
Medium,High,High,High,Medium,Medium,Medium,Technology,Web Developer
Medium,High,Medium,Medium,Medium,Medium,Low,Technology,Web Developer
Medium,High,Low,High,Medium,High,Low,Technology,Web Developer
Medium,High,Medium,High,High,Medium,Low,Technology,Web Developer
Medium,Medium,Medium,High,Medium,Medium,Low,Technology,Web Developer
Low,High,Medium,High,Medium,Medium,Low,Technology,Web Developer
Medium,High,High,Medium,Medium,Medium,Low,Technology,Web Developer
Low,Medium,Medium,High,Medium,Medium,Medium,Technology,Web Developer
Medium,Medium,Medium,High,High,Medium,Low,Technology,Web Developer
Medium,High,Medium,High,High,Medium,Low,Technology,Web Developer
High,High,High,High,Medium,High,Low,Technology,Web Developer
High,High,High,High,Low,High,Low,Technology,Web Developer
Low,High,High,High,High,High,Low,Technology,Web Developer
Medium,High,High,High,Low,Medium,Medium,Technology,Web Developer
Medium,Medium,High,High,Low,Medium,Low,Technology,Web Developer
High,High,Medium,High,Low,High,Low,Technology,Web Developer
Medium,Medium,Medium,High,Low,Medium,Medium,Technology,Web Developer
Low,Medium,Medium,High,Low,High,Low,Technology,Web Developer
Low,High,Low,High,Medium,Medium,Low,Technology,Web Developer
Medium,High,Medium,High,Medium,Medium,Low,Technology,Web Developer
High,High,Medium,Medium,Medium,High,Low,Technology,Web Developer
High,High,Medium,Medium,Low,Medium,Low,Technology,Web Developer
High,High,High,High,Medium,Medium,Low,Technology,Web Developer
Medium,High,Medium,High,Low,Low,Low,Technology,Web Developer
High,Medium,Medium,High,Low,Low,Medium,Technology,Web Developer
Low,High,High,Medium,Medium,Low,Low,Technology,Web Developer
Medium,High,High,High,Low,Medium,Medium,Technology,Web Developer
Medium,High,High,High,High,High,Low,Technology,Web Developer
Medium,High,Medium,High,Medium,Medium,Low,Technology,Web Developer
Medium,Medium,High,High,Medium,Medium,Medium,Technology,Web Developer
Medium,Medium,Medium,High,High,Medium,Low,Technology,Web Developer
Medium,High,Medium,High,Medium,High,Low,Technology,Web Developer
Medium,High,Medium,High,Medium,Low,Medium,Technology,Web Developer
Medium,High,High,High,Medium,Medium,Low,Technology,Web Developer
Medium,High,Medium,Medium,Medium,Medium,Low,Technology,Web Developer
High,High,Low,High,Medium,High,Medium,Technology,Web Developer
Low,Medium,Medium,High,High,Medium,Low,Technology,Web Developer
Medium,High,Medium,Medium,Medium,Medium,Low,Technology,Web Developer
Medium,High,High,High,Medium,Medium,Medium,Technology,Web Developer
Medium,High,Medium,High,High,Medium,Low,Technology,Web Developer
Medium,High,High,High,Medium,Low,Low,Technology,Web Developer
Medium,High,Medium,High,Medium,Low,Medium,Technology,Web Developer
Medium,High,Low,High,High,High,Medium,Technology,Web Developer
Medium,High,Medium,High,Medium,Medium,Low,Technology,Web Developer
High,High,Medium,High,Medium,Medium,Low,Technology,Web Developer
Medium,High,Medium,High,Medium,Medium,Medium,Technology,Web Developer
Medium,High,High,Medium,High,Low,Low,Technology,Web Developer
Low,Medium,Medium,High,Medium,Low,Low,Technology,Web Developer
Low,High,High,High,Medium,Low,Medium,Technology,Web Developer
High,High,Medium,Medium,Low,High,Medium,Technology,Web Developer
Medium,Medium,Low,High,Medium,High,Low,Technology,Web Developer
Low,High,Medium,High,Low,Low,Medium,Technology,Web Developer
Medium,High,Medium,High,High,Medium,Low,Technology,Web Developer
Medium,High,Low,High,Medium,Medium,Medium,Technology,Web Developer
Medium,High,Medium,Medium,Low,Low,Low,Technology,Web Developer
Medium,High,High,High,Low,Low,Low,Technology,Web Developer
Low,High,Medium,High,High,Low,Medium,Technology,Web Developer
Low,High,Medium,High,Medium,Medium,Low,Technology,Web Developer
Low,High,High,High,Low,Medium,Low,Technology,Web Developer
Low,High,High,High,Medium,Low,Low,Technology,Web Developer
Medium,High,Medium,High,Medium,High,Low,Technology,Web Developer
Medium,High,Low,High,Medium,Low,Low,Technology,Web Developer
Medium,High,Low,High,High,High,Medium,Technology,Web Developer
Medium,High,Low,High,Medium,Medium,Low,Technology,Web Developer
Medium,High,Medium,High,Medium,High,Low,Technology,Web Developer
Low,High,Medium,High,Low,Low,Low,Technology,Web Developer
Medium,High,Medium,High,Medium,Medium,Low,Technology,Web Developer
Low,Medium,Medium,High,Medium,Medium,Low,Technology,Web Developer
Medium,Medium,Medium,High,Medium,High,Medium,Technology,Web Developer
High,High,Low,Medium,Low,Medium,Medium,Technology,Web Developer
Low,High,High,High,Medium,Low,Low,Technology,Web Developer
Medium,High,Low,High,Medium,High,Medium,Technology,Web Developer
Medium,High,Medium,High,Medium,Medium,Low,Technology,Web Developer
High,High,Low,Low,High,High,Low,Technology,Cyber Security Analyst
High,High,Low,Low,High,High,Low,Technology,Cyber Security Analyst
High,High,Low,Low,Medium,High,Low,Technology,Cyber Security Analyst
Medium,High,Low,Medium,High,High,Low,Technology,Cyber Security Analyst
High,High,Medium,Low,High,High,Medium,Technology,Cyber Security Analyst
High,High,Low,Low,High,High,Low,Technology,Cyber Security Analyst
High,High,Low,Low,High,High,Low,Technology,Cyber Security Analyst
High,Medium,Medium,Low,High,High,Low,Technology,Cyber Security Analyst
High,Medium,Low,Low,High,High,Low,Technology,Cyber Security Analyst
High,High,Low,Low,High,High,Low,Technology,Cyber Security Analyst
High,High,Low,Low,High,High,Medium,Technology,Cyber Security Analyst
High,High,Medium,Low,High,Medium,Low,Technology,Cyber Security Analyst
High,High,Low,Low,High,High,Low,Technology,Cyber Security Analyst
High,Medium,Medium,Low,High,High,Low,Technology,Cyber Security Analyst
Medium,Medium,Low,Low,High,High,Medium,Technology,Cyber Security Analyst
High,High,Low,Low,High,High,Low,Technology,Cyber Security Analyst
High,High,Low,Low,Medium,High,Low,Technology,Cyber Security Analyst
High,High,Low,Low,High,High,Low,Technology,Cyber Security Analyst
High,High,Low,Medium,High,High,Low,Technology,Cyber Security Analyst
Medium,High,Low,Low,Medium,High,Low,Technology,Cyber Security Analyst
Medium,Medium,Low,Low,High,High,Medium,Technology,Cyber Security Analyst
High,High,Low,Low,High,High,Low,Technology,Cyber Security Analyst
High,High,Low,Low,High,High,Low,Technology,Cyber Security Analyst
High,High,Low,Medium,High,High,Low,Technology,Cyber Security Analyst
High,High,Low,Low,High,Medium,Medium,Technology,Cyber Security Analyst
High,High,Low,Low,High,Medium,Low,Technology,Cyber Security Analyst
High,High,Low,Medium,High,High,Low,Technology,Cyber Security Analyst
High,Medium,Low,Low,High,High,Low,Technology,Cyber Security Analyst
High,High,Medium,Low,High,High,Low,Technology,Cyber Security Analyst
High,High,Low,Low,High,High,Medium,Technology,Cyber Security Analyst
High,High,Medium,Low,High,High,Low,Technology,Cyber Security Analyst
High,High,Medium,Low,High,High,Low,Technology,Cyber Security Analyst
High,High,Low,Low,High,High,Low,Technology,Cyber Security Analyst
High,Medium,Low,Low,High,High,Medium,Technology,Cyber Security Analyst
High,High,Low,Low,High,High,Low,Technology,Cyber Security Analyst
High,Medium,Medium,Low,High,High,Low,Technology,Cyber Security Analyst
High,High,Medium,Low,High,High,Medium,Technology,Cyber Security Analyst
High,High,Medium,Low,High,Medium,Low,Technology,Cyber Security Analyst
High,High,Medium,Low,High,High,Low,Technology,Cyber Security Analyst
High,Medium,Low,Low,Medium,High,Low,Technology,Cyber Security Analyst
High,Medium,Low,Low,High,High,Medium,Technology,Cyber Security Analyst
High,High,Low,Low,High,High,Low,Technology,Cyber Security Analyst
High,Medium,Medium,Low,High,High,Medium,Technology,Cyber Security Analyst
High,High,Low,Low,High,High,Low,Technology,Cyber Security Analyst
High,Medium,Low,Low,Medium,High,Low,Technology,Cyber Security Analyst
High,High,Low,Low,High,High,Low,Technology,Cyber Security Analyst
High,High,Low,Low,High,High,Low,Technology,Cyber Security Analyst
Medium,High,Medium,Low,High,High,Low,Technology,Cyber Security Analyst
High,High,Low,Low,High,High,Low,Technology,Cyber Security Analyst
High,High,Low,Low,High,High,Low,Technology,Cyber Security Analyst
High,High,Low,Medium,High,High,Medium,Technology,Cyber Security Analyst
High,High,Low,Low,Medium,High,Low,Technology,Cyber Security Analyst
Medium,High,Low,Low,Medium,High,Low,Technology,Cyber Security Analyst
High,High,Low,Low,Medium,High,Low,Technology,Cyber Security Analyst
Medium,High,Low,Low,High,High,Low,Technology,Cyber Security Analyst
High,Medium,Low,Low,High,High,Low,Technology,Cyber Security Analyst
High,High,Low,Medium,High,Medium,Low,Technology,Cyber Security Analyst
High,Medium,Low,Low,High,Medium,Low,Technology,Cyber Security Analyst
High,Medium,Low,Low,High,High,Low,Technology,Cyber Security Analyst
High,High,Low,Low,Medium,High,Medium,Technology,Cyber Security Analyst
Medium,High,Low,Low,High,High,Low,Technology,Cyber Security Analyst
High,High,Low,Low,Medium,Medium,Low,Technology,Cyber Security Analyst
Medium,High,Low,Low,High,High,Low,Technology,Cyber Security Analyst
High,High,Low,Low,High,High,Medium,Technology,Cyber Security Analyst
High,High,Low,Low,High,High,Medium,Technology,Cyber Security Analyst
High,High,Low,Low,Medium,High,Low,Technology,Cyber Security Analyst
High,Medium,Low,Low,High,Medium,Medium,Technology,Cyber Security Analyst
Medium,High,Low,Low,High,High,Low,Technology,Cyber Security Analyst
High,High,Low,Low,Medium,Medium,Medium,Technology,Cyber Security Analyst
Medium,Medium,Low,Low,Medium,Medium,Low,Technology,Cyber Security Analyst
High,High,Medium,Low,High,High,Low,Technology,Cyber Security Analyst
High,High,Medium,Low,High,Medium,Low,Technology,Cyber Security Analyst
Medium,High,Low,Low,High,High,Low,Technology,Cyber Security Analyst
High,Medium,Low,Low,High,Medium,Low,Technology,Cyber Security Analyst
Medium,High,Low,Low,High,High,Low,Technology,Cyber Security Analyst
High,High,Low,Low,High,Medium,Low,Technology,Cyber Security Analyst
High,High,Medium,Medium,High,High,Low,Technology,Cyber Security Analyst
High,High,Low,Low,High,High,Low,Technology,Cyber Security Analyst
High,Medium,Low,Medium,Medium,High,Low,Technology,Cyber Security Analyst
High,High,Low,Low,High,High,Low,Technology,Cyber Security Analyst
High,High,Low,Medium,Medium,High,Medium,Technology,Cyber Security Analyst
Medium,Medium,Low,Low,Medium,High,Low,Technology,Cyber Security Analyst
High,High,Low,Low,High,High,Low,Technology,Cyber Security Analyst
High,High,Low,Low,High,Medium,Medium,Technology,Cyber Security Analyst
High,Medium,Medium,Low,High,High,Medium,Technology,Cyber Security Analyst
Medium,High,Low,Low,High,High,Low,Technology,Cyber Security Analyst
Medium,High,Low,Low,High,High,Low,Technology,Cyber Security Analyst
High,High,Medium,Low,High,High,Medium,Technology,Cyber Security Analyst
High,High,Medium,Low,High,Medium,Low,Technology,Cyber Security Analyst
Medium,High,Medium,Low,Medium,High,Low,Technology,Cyber Security Analyst
High,High,Low,Low,High,High,Low,Technology,Cyber Security Analyst
High,Medium,Low,Low,Medium,Medium,Low,Technology,Cyber Security Analyst
High,High,Low,Low,Medium,High,Low,Technology,Cyber Security Analyst
High,High,Low,Low,High,High,Low,Technology,Cyber Security Analyst
High,High,Low,Low,High,High,Low,Technology,Cyber Security Analyst
High,High,Low,Low,High,Medium,Low,Technology,Cyber Security Analyst
High,High,Low,Low,Medium,High,Low,Technology,Cyber Security Analyst
High,High,Low,Low,High,High,Low,Technology,Cyber Security Analyst
High,High,Low,Low,Medium,Medium,Low,Technology,Cyber Security Analyst
High,High,Low,Low,High,High,Low,Technology,Cyber Security Analyst
Low,Low,Medium,High,Low,Medium,Low,Creative,UI UX Designer
Low,Low,Medium,High,High,High,Low,Creative,UI UX Designer
Low,Low,Low,High,Low,Low,Low,Creative,UI UX Designer
Low,Low,Medium,High,Medium,Low,Medium,Creative,UI UX Designer
Medium,Low,Low,Medium,Low,Medium,Low,Creative,UI UX Designer
Low,Low,Medium,Medium,Low,Medium,Low,Creative,UI UX Designer
Low,Medium,Medium,High,Medium,Low,Low,Creative,UI UX Designer
Low,Low,Medium,High,Medium,Medium,Low,Creative,UI UX Designer
Low,Low,Low,High,High,High,Low,Creative,UI UX Designer
Low,Low,Medium,High,Medium,Low,Low,Creative,UI UX Designer
Low,Low,Medium,High,Medium,High,Low,Creative,UI UX Designer
Medium,Low,Medium,High,Medium,High,Low,Creative,UI UX Designer
Low,Medium,High,High,Medium,Medium,Low,Creative,UI UX Designer
Low,Low,High,High,Low,Medium,Low,Creative,UI UX Designer
Low,Medium,Medium,High,Medium,Medium,Low,Creative,UI UX Designer
Low,Low,Medium,High,Low,Medium,Medium,Creative,UI UX Designer
Low,Low,Medium,High,Medium,High,Low,Creative,UI UX Designer
Low,Medium,Low,High,High,High,Low,Creative,UI UX Designer
Medium,Low,Medium,High,Medium,Medium,Low,Creative,UI UX Designer
Low,Low,Low,High,High,Medium,Low,Creative,UI UX Designer
Medium,Low,Low,High,High,Medium,Low,Creative,UI UX Designer
Low,Low,Medium,Medium,Low,Medium,Medium,Creative,UI UX Designer
Low,Low,High,High,Low,Medium,Low,Creative,UI UX Designer
Medium,Low,Medium,High,Medium,Medium,Low,Creative,UI UX Designer
Low,Low,Medium,High,High,High,Low,Creative,UI UX Designer
Low,Medium,Medium,High,Medium,Medium,Low,Creative,UI UX Designer
Low,Low,High,High,High,Low,Low,Creative,UI UX Designer
Medium,Low,High,High,High,Low,Low,Creative,UI UX Designer
Low,Low,Low,High,Medium,Medium,Low,Creative,UI UX Designer
Low,Low,Medium,Medium,Medium,Medium,Low,Creative,UI UX Designer
Low,Low,Medium,Medium,Low,Low,Low,Creative,UI UX Designer
Low,Low,Medium,High,Medium,Medium,Low,Creative,UI UX Designer
Medium,Low,Low,High,High,Medium,Low,Creative,UI UX Designer
Low,Low,Low,High,Low,Medium,Low,Creative,UI UX Designer
Low,Low,Medium,High,Medium,Medium,Low,Creative,UI UX Designer
Medium,Low,Medium,High,High,Medium,Low,Creative,UI UX Designer
Low,Low,High,High,Medium,Low,Low,Creative,UI UX Designer
Low,Low,Medium,High,High,High,Low,Creative,UI UX Designer
Low,Low,Medium,Medium,Low,Medium,Medium,Creative,UI UX Designer
Medium,Low,Medium,Medium,Medium,Low,Low,Creative,UI UX Designer
Low,Low,High,High,Medium,Low,Low,Creative,UI UX Designer
Low,Low,Medium,Medium,Medium,Low,Low,Creative,UI UX Designer
Low,Low,Medium,High,Low,High,Low,Creative,UI UX Designer
Low,Low,Medium,High,Medium,Medium,Low,Creative,UI UX Designer
Low,Low,Medium,High,Medium,Medium,Medium,Creative,UI UX Designer
Low,Low,Low,Medium,Medium,High,Low,Creative,UI UX Designer
Medium,Low,High,Medium,Medium,High,Low,Creative,UI UX Designer
Medium,Low,High,High,Medium,Medium,Low,Creative,UI UX Designer
Low,Low,High,High,High,High,Medium,Creative,UI UX Designer
Low,Low,Medium,High,Medium,Medium,Low,Creative,UI UX Designer
Low,Low,Medium,Medium,Medium,Medium,Low,Creative,UI UX Designer
Medium,Low,Medium,Medium,Low,Medium,Medium,Creative,UI UX Designer
Low,Medium,Medium,High,High,Medium,Low,Creative,UI UX Designer
Medium,Medium,High,High,Low,Medium,Low,Creative,UI UX Designer
Low,Medium,High,High,Low,Low,Medium,Creative,UI UX Designer
Low,Low,High,High,Medium,Medium,Low,Creative,UI UX Designer
Low,Medium,High,High,Low,Medium,Low,Creative,UI UX Designer
Low,Low,High,High,Medium,Low,Low,Creative,UI UX Designer
Low,Low,Low,High,Medium,Medium,Low,Creative,UI UX Designer
Low,Low,Medium,High,Medium,Low,Low,Creative,UI UX Designer
Low,Low,Medium,High,Medium,Medium,Medium,Creative,UI UX Designer
Low,Low,Medium,High,Medium,Medium,Medium,Creative,UI UX Designer
Low,Low,High,High,Low,Medium,Medium,Creative,UI UX Designer
Low,Low,High,High,Low,Medium,Low,Creative,UI UX Designer
Low,Low,Medium,Medium,Medium,Low,Low,Creative,UI UX Designer
Low,Low,Medium,High,High,Medium,Low,Creative,UI UX Designer
Low,Low,Medium,High,High,Medium,Low,Creative,UI UX Designer
Low,Medium,High,High,Medium,Medium,Low,Creative,UI UX Designer
Low,Low,Low,High,Low,Medium,Medium,Creative,UI UX Designer
Low,Low,Medium,High,Medium,Medium,Medium,Creative,UI UX Designer
Low,Low,Medium,High,Medium,High,Low,Creative,UI UX Designer
Low,Low,High,High,Medium,Medium,Low,Creative,UI UX Designer
Low,Low,Medium,High,Medium,Medium,Medium,Creative,UI UX Designer
Medium,Low,High,Medium,Low,High,Low,Creative,UI UX Designer
Medium,Medium,High,High,Medium,Low,Low,Creative,UI UX Designer
Low,Low,Medium,High,Medium,Medium,Low,Creative,UI UX Designer
Low,Low,High,High,Low,High,Low,Creative,UI UX Designer
Low,Low,Low,High,Medium,Medium,Low,Creative,UI UX Designer
Low,Low,Low,High,High,Medium,Low,Creative,UI UX Designer
Low,Medium,Medium,High,High,Medium,Low,Creative,UI UX Designer
Medium,Low,Medium,Medium,Medium,Medium,Low,Creative,UI UX Designer
Medium,Low,Medium,Medium,Medium,Medium,Low,Creative,UI UX Designer
Low,Low,Medium,High,Medium,High,Low,Creative,UI UX Designer
Low,Low,Medium,Medium,High,High,Medium,Creative,UI UX Designer
Low,Low,Medium,High,Low,Medium,Medium,Creative,UI UX Designer
Low,Low,Low,High,Medium,Medium,Low,Creative,UI UX Designer
Low,Medium,Medium,High,Medium,Medium,Low,Creative,UI UX Designer
Low,Low,Medium,High,Low,Low,Low,Creative,UI UX Designer
Low,Low,Medium,High,Medium,Medium,Low,Creative,UI UX Designer
Low,Medium,Medium,High,Medium,Medium,Low,Creative,UI UX Designer
Low,Low,Low,High,Medium,Medium,Low,Creative,UI UX Designer
Low,Medium,Medium,Medium,Low,Medium,Low,Creative,UI UX Designer
Low,Low,Medium,Medium,Medium,High,Medium,Creative,UI UX Designer
Low,Low,Low,Medium,Medium,Medium,Low,Creative,UI UX Designer
Medium,Medium,High,High,Medium,Medium,Low,Creative,UI UX Designer
Low,Low,Medium,High,Medium,Low,Low,Creative,UI UX Designer
Low,Low,Medium,Medium,High,High,Low,Creative,UI UX Designer
Low,Low,Low,High,Medium,High,Medium,Creative,UI UX Designer
Low,Medium,Low,Medium,Low,Low,Low,Creative,UI UX Designer
Low,Low,Medium,Medium,High,Medium,Low,Creative,UI UX Designer
Low,Low,Low,High,Low,Low,Medium,Creative,Graphic Designer
Low,Medium,High,High,Low,Low,Medium,Creative,Graphic Designer
Medium,Low,Medium,Medium,Low,Low,Low,Creative,Graphic Designer
Medium,Low,Medium,High,Low,Low,Low,Creative,Graphic Designer
Low,Low,Low,High,Low,Low,Low,Creative,Graphic Designer
Low,Low,Low,Medium,Low,Low,Medium,Creative,Graphic Designer
Low,Low,Low,High,Low,Low,Low,Creative,Graphic Designer
Low,Low,Medium,High,Low,Low,Low,Creative,Graphic Designer
Low,Low,Medium,High,Low,Low,Low,Creative,Graphic Designer
Low,Low,Low,High,Low,Low,Low,Creative,Graphic Designer
Low,Medium,Medium,Medium,Low,Low,Low,Creative,Graphic Designer
Low,Low,Medium,High,Low,Low,Low,Creative,Graphic Designer
Low,Low,Low,High,Low,Low,Low,Creative,Graphic Designer
Low,Medium,Medium,High,Low,Low,Medium,Creative,Graphic Designer
Low,Low,High,Medium,Low,Low,Low,Creative,Graphic Designer
Low,Low,Medium,Medium,Low,Low,Low,Creative,Graphic Designer
Low,Medium,High,High,Low,Low,Medium,Creative,Graphic Designer
Medium,Medium,Low,High,Low,Low,Low,Creative,Graphic Designer
Low,Low,High,High,Low,Low,Low,Creative,Graphic Designer
Medium,Low,Medium,High,Low,Low,Low,Creative,Graphic Designer
Low,Low,Medium,Medium,Medium,Low,Medium,Creative,Graphic Designer
Low,Low,Medium,Medium,Low,Low,Medium,Creative,Graphic Designer
Low,Low,Medium,High,Low,Low,Low,Creative,Graphic Designer
Low,Low,Medium,High,Low,Medium,Medium,Creative,Graphic Designer
Low,Low,High,High,Low,Medium,Medium,Creative,Graphic Designer
Low,Low,Medium,High,Low,Low,Low,Creative,Graphic Designer
Low,Medium,High,High,Low,Low,Low,Creative,Graphic Designer
Low,Low,Medium,Medium,Low,Low,Low,Creative,Graphic Designer
Medium,Medium,Medium,Medium,Low,Low,Low,Creative,Graphic Designer
Low,Low,Low,High,Medium,Low,Low,Creative,Graphic Designer
Low,Low,Medium,High,Low,Low,Low,Creative,Graphic Designer
Low,Low,High,Medium,Low,Low,Medium,Creative,Graphic Designer
Medium,Low,Medium,Medium,Medium,Low,Medium,Creative,Graphic Designer
Low,Medium,Medium,High,Low,Medium,Low,Creative,Graphic Designer
Low,Low,Medium,High,Medium,Low,Medium,Creative,Graphic Designer
Low,Low,High,High,Low,Low,Low,Creative,Graphic Designer
Low,Low,Medium,High,Low,Medium,Medium,Creative,Graphic Designer
Low,Medium,Medium,High,Low,Low,Low,Creative,Graphic Designer
Medium,Low,Medium,High,Low,Medium,Medium,Creative,Graphic Designer
Low,Low,Medium,High,Low,Medium,Medium,Creative,Graphic Designer
Low,Medium,Medium,High,Low,Medium,Low,Creative,Graphic Designer
Low,Low,Medium,Medium,Low,Low,Low,Creative,Graphic Designer
Low,Low,Medium,High,Low,Low,Low,Creative,Graphic Designer
Medium,Low,Medium,High,Low,Medium,Medium,Creative,Graphic Designer
Low,Medium,Medium,High,Medium,Low,Low,Creative,Graphic Designer
Low,Low,Medium,High,Medium,Low,Low,Creative,Graphic Designer
Low,Low,High,High,Low,Low,Medium,Creative,Graphic Designer
Medium,Medium,Medium,High,Low,Low,Low,Creative,Graphic Designer
Low,Low,Medium,High,Low,Low,Low,Creative,Graphic Designer
Low,Low,High,High,Low,Low,Medium,Creative,Graphic Designer
Low,Low,Medium,High,Low,Low,Low,Creative,Graphic Designer
Low,Medium,Low,High,Low,Low,Medium,Creative,Graphic Designer
Medium,Low,Low,High,Medium,Low,Low,Creative,Graphic Designer
Medium,Low,High,High,Low,Medium,Medium,Creative,Graphic Designer
Low,Low,Medium,High,Low,Low,Low,Creative,Graphic Designer
Low,Low,Medium,High,Medium,Low,Medium,Creative,Graphic Designer
Low,Low,Medium,High,Low,Medium,Medium,Creative,Graphic Designer
Low,Low,Medium,High,Low,Low,Low,Creative,Graphic Designer
Medium,Low,Low,High,Low,Medium,Medium,Creative,Graphic Designer
Low,Low,Low,High,Low,Low,Medium,Creative,Graphic Designer
Low,Low,Medium,High,Medium,Low,Low,Creative,Graphic Designer
Low,Low,Medium,Medium,Low,Medium,Low,Creative,Graphic Designer
Low,Low,Low,High,Low,Low,Low,Creative,Graphic Designer
Low,Low,Medium,High,Medium,Low,Medium,Creative,Graphic Designer
Low,Low,Medium,High,Low,Low,Low,Creative,Graphic Designer
Low,Low,Medium,Medium,Medium,Low,Medium,Creative,Graphic Designer
Low,Medium,Low,Medium,Low,Medium,Low,Creative,Graphic Designer
Low,Low,High,Medium,Low,Low,Low,Creative,Graphic Designer
Low,Low,Medium,High,Medium,Low,Low,Creative,Graphic Designer
Low,Medium,Medium,High,Low,Low,Low,Creative,Graphic Designer
Medium,Medium,Medium,Medium,Low,Low,Medium,Creative,Graphic Designer
Medium,Low,High,High,Low,Low,Low,Creative,Graphic Designer
Low,Low,Medium,High,Low,Low,Low,Creative,Graphic Designer
Low,Medium,Medium,High,Low,Low,Medium,Creative,Graphic Designer
Low,Medium,Medium,High,Low,Low,Low,Creative,Graphic Designer
Low,Low,Medium,High,Low,Low,Low,Creative,Graphic Designer
Low,Low,Low,High,Medium,Low,Low,Creative,Graphic Designer
Low,Low,Medium,High,Medium,Low,Medium,Creative,Graphic Designer
Low,Medium,High,High,Low,Low,Low,Creative,Graphic Designer
Low,Low,Medium,High,Low,Low,Low,Creative,Graphic Designer
Low,Low,Medium,High,Low,Low,Low,Creative,Graphic Designer
Low,Medium,Low,High,Medium,Low,Low,Creative,Graphic Designer
Low,Medium,Medium,High,Low,Low,Low,Creative,Graphic Designer
Medium,Low,High,High,Low,Medium,Low,Creative,Graphic Designer
Low,Medium,Medium,High,Medium,Low,Low,Creative,Graphic Designer
Low,Low,Medium,High,Low,Low,Low,Creative,Graphic Designer
Medium,Medium,Low,High,Low,Medium,Low,Creative,Graphic Designer
Low,Medium,Medium,High,Low,Low,Low,Creative,Graphic Designer
Low,Medium,High,High,Low,Low,Low,Creative,Graphic Designer
Low,Low,Medium,Medium,Low,Low,Low,Creative,Graphic Designer
Low,Low,High,High,Low,Low,Low,Creative,Graphic Designer
Low,Low,Medium,Medium,Medium,Low,Low,Creative,Graphic Designer
Medium,Medium,High,High,Low,Low,Low,Creative,Graphic Designer
Medium,Low,High,High,Low,Low,Medium,Creative,Graphic Designer
Low,Low,Medium,High,Low,Medium,Low,Creative,Graphic Designer
Medium,Low,Medium,High,Low,Low,Medium,Creative,Graphic Designer
Low,Low,Medium,High,Low,Low,Medium,Creative,Graphic Designer
Low,Low,Medium,High,Low,Low,Low,Creative,Graphic Designer
Low,Low,High,High,Low,Low,Low,Creative,Graphic Designer
Low,Low,High,High,Low,Low,Medium,Creative,Graphic Designer
Low,Medium,High,Medium,Medium,Medium,High,Business,Marketing Manager
High,Low,High,High,Low,Medium,Medium,Business,Marketing Manager
Medium,Low,High,High,Medium,Medium,High,Business,Marketing Manager
Medium,Medium,High,High,Medium,High,High,Business,Marketing Manager
Medium,Low,High,High,High,High,Medium,Business,Marketing Manager
Medium,Low,High,High,Low,Low,High,Business,Marketing Manager
High,Medium,High,High,High,Low,High,Business,Marketing Manager
Medium,Medium,High,Medium,High,High,Medium,Business,Marketing Manager
Low,Low,High,High,High,Low,High,Business,Marketing Manager
High,Low,High,Medium,High,Medium,High,Business,Marketing Manager
Medium,Low,High,High,High,Low,High,Business,Marketing Manager
Medium,Low,High,High,Low,Medium,High,Business,Marketing Manager
High,Low,High,High,Low,Low,High,Business,Marketing Manager
High,Low,High,Medium,Medium,Medium,High,Business,Marketing Manager
Medium,Low,Medium,High,Medium,High,High,Business,Marketing Manager
Medium,Medium,High,High,Medium,High,High,Business,Marketing Manager
Medium,Low,High,High,High,Medium,High,Business,Marketing Manager
Medium,Medium,High,High,Medium,Medium,High,Business,Marketing Manager
Medium,Low,High,Medium,Medium,Medium,High,Business,Marketing Manager
Low,Low,High,High,Medium,High,High,Business,Marketing Manager
Low,Low,High,Medium,Low,Medium,High,Business,Marketing Manager
High,Low,Medium,Medium,Medium,Medium,High,Business,Marketing Manager
Low,Medium,Medium,High,Medium,High,High,Business,Marketing Manager
Medium,Medium,Medium,High,Medium,Medium,Medium,Business,Marketing Manager
Medium,Medium,High,High,Low,High,High,Business,Marketing Manager
High,Low,High,High,Low,Medium,High,Business,Marketing Manager
Low,Low,Medium,High,Medium,Medium,High,Business,Marketing Manager
Medium,Medium,High,High,Low,Low,Medium,Business,Marketing Manager
High,Low,High,High,Medium,Medium,High,Business,Marketing Manager
Medium,Medium,High,High,Medium,High,Medium,Business,Marketing Manager
Medium,Low,High,High,Low,High,Medium,Business,Marketing Manager
High,Low,High,Medium,High,Medium,High,Business,Marketing Manager
High,Low,High,High,High,Medium,High,Business,Marketing Manager
Medium,Low,High,High,Low,Medium,Medium,Business,Marketing Manager
Medium,Low,High,High,Medium,Medium,High,Business,Marketing Manager
Medium,Medium,High,Medium,Medium,Medium,High,Business,Marketing Manager
Low,Low,High,Medium,High,Medium,High,Business,Marketing Manager
Medium,Low,High,High,Medium,Medium,High,Business,Marketing Manager
Medium,Low,High,High,Medium,Medium,High,Business,Marketing Manager
Medium,Low,High,High,Medium,Low,Medium,Business,Marketing Manager
Low,Low,High,Medium,High,Low,High,Business,Marketing Manager
Medium,Medium,High,High,High,Medium,High,Business,Marketing Manager
Medium,Medium,High,High,Medium,High,High,Business,Marketing Manager
Low,Medium,High,High,High,Low,High,Business,Marketing Manager
Medium,Low,High,High,Low,High,High,Business,Marketing Manager
Medium,Low,Medium,High,Medium,High,Medium,Business,Marketing Manager
Medium,Low,High,High,Medium,High,High,Business,Marketing Manager
Medium,Low,High,High,Medium,Medium,High,Business,Marketing Manager
Medium,Low,High,High,Medium,Medium,High,Business,Marketing Manager
Medium,Low,High,High,Medium,High,High,Business,Marketing Manager
Low,Low,High,High,Medium,Medium,High,Business,Marketing Manager
Medium,Low,High,Medium,Medium,Medium,High,Business,Marketing Manager
Medium,Medium,High,High,Medium,Medium,High,Business,Marketing Manager
High,Medium,Medium,High,Low,Medium,Medium,Business,Marketing Manager
Medium,Low,High,Medium,Medium,Medium,High,Business,Marketing Manager
Medium,Low,High,High,Medium,Medium,Medium,Business,Marketing Manager
Medium,Low,High,High,Medium,High,High,Business,Marketing Manager
High,Low,High,High,Medium,High,High,Business,Marketing Manager
Medium,Low,High,High,Medium,Medium,High,Business,Marketing Manager
Medium,Low,High,High,High,Medium,Medium,Business,Marketing Manager
Low,Low,High,High,Medium,Medium,High,Business,Marketing Manager
Medium,Medium,High,High,Medium,Medium,High,Business,Marketing Manager
High,Low,High,High,Medium,Low,High,Business,Marketing Manager
Medium,Low,Medium,High,Medium,Medium,Medium,Business,Marketing Manager
Low,Low,High,High,Low,Low,High,Business,Marketing Manager
High,Low,Medium,High,High,Medium,Medium,Business,Marketing Manager
Medium,Low,High,High,Medium,Medium,High,Business,Marketing Manager
Medium,Medium,High,Medium,Low,Medium,High,Business,Marketing Manager
Medium,Low,High,High,High,Medium,High,Business,Marketing Manager
High,Low,High,High,Medium,High,High,Business,Marketing Manager
High,Medium,High,High,Medium,High,High,Business,Marketing Manager
Low,Low,High,High,Medium,Medium,High,Business,Marketing Manager
Medium,Low,Medium,High,Medium,Medium,High,Business,Marketing Manager
Medium,Medium,Medium,High,Medium,Medium,Medium,Business,Marketing Manager
Medium,Low,High,High,Low,High,High,Business,Marketing Manager
Medium,Low,High,High,Medium,Medium,High,Business,Marketing Manager
Medium,Low,High,High,Low,Medium,High,Business,Marketing Manager
High,Medium,High,High,High,Medium,High,Business,Marketing Manager
Medium,Low,High,High,Medium,Low,High,Business,Marketing Manager
High,Low,High,High,Medium,Medium,High,Business,Marketing Manager
Low,Low,Medium,High,Low,Medium,Medium,Business,Marketing Manager
Medium,Low,High,High,Low,Medium,Medium,Business,Marketing Manager
Medium,Low,High,High,Medium,Medium,High,Business,Marketing Manager
Medium,Low,High,Medium,Medium,Low,High,Business,Marketing Manager
Low,Low,High,Medium,High,Medium,High,Business,Marketing Manager
Medium,Low,High,Medium,Low,Medium,High,Business,Marketing Manager
Medium,Low,Medium,High,Medium,Low,High,Business,Marketing Manager
Medium,Low,High,High,Medium,Medium,Medium,Business,Marketing Manager
High,Medium,Medium,High,Medium,Medium,High,Business,Marketing Manager
Medium,Low,High,Medium,Medium,Medium,High,Business,Marketing Manager
Low,Low,High,High,Low,Medium,High,Business,Marketing Manager
Low,Low,High,High,High,Medium,High,Business,Marketing Manager
Low,Low,High,High,Low,High,High,Business,Marketing Manager
Low,Low,High,High,High,Low,High,Business,Marketing Manager
Medium,Low,High,High,Medium,Medium,High,Business,Marketing Manager
Low,Low,High,High,Medium,Low,High,Business,Marketing Manager
Medium,Medium,High,High,Medium,Medium,High,Business,Marketing Manager
Medium,Medium,High,High,Medium,Medium,High,Business,Marketing Manager
High,Low,Medium,High,Medium,Medium,High,Business,Marketing Manager
Medium,Medium,High,High,Low,High,High,Business,Marketing Manager
High,Low,High,Low,High,High,High,Business,Business Analyst
Medium,High,High,Low,High,High,High,Business,Business Analyst
High,High,High,Low,High,High,Medium,Business,Business Analyst
Medium,High,Medium,Low,High,High,Medium,Business,Business Analyst
High,Low,High,Low,Medium,Medium,High,Business,Business Analyst
High,Medium,High,Medium,High,High,Medium,Business,Business Analyst
High,Medium,High,Low,Medium,High,High,Business,Business Analyst
Medium,Medium,Medium,Low,High,High,High,Business,Business Analyst
Medium,High,High,Medium,Medium,Medium,High,Business,Business Analyst
Medium,Medium,High,Low,Medium,High,High,Business,Business Analyst
High,Medium,High,Medium,High,High,High,Business,Business Analyst
High,High,High,Low,High,High,High,Business,Business Analyst
High,Low,High,Low,High,High,High,Business,Business Analyst
High,Medium,High,Medium,High,High,High,Business,Business Analyst
High,Medium,High,Low,High,High,High,Business,Business Analyst
High,High,High,Low,High,High,High,Business,Business Analyst
High,Medium,High,Low,Medium,Medium,High,Business,Business Analyst
High,Low,High,Low,High,Medium,High,Business,Business Analyst
High,Medium,High,Low,High,High,High,Business,Business Analyst
High,High,High,Low,Medium,Medium,High,Business,Business Analyst
High,Medium,High,Low,High,High,High,Business,Business Analyst
High,Medium,High,Low,High,High,High,Business,Business Analyst
High,Low,High,Low,High,High,High,Business,Business Analyst
Medium,High,High,Low,High,High,Medium,Business,Business Analyst
Medium,Medium,High,Low,High,Medium,High,Business,Business Analyst
High,Low,High,Low,High,High,Medium,Business,Business Analyst
High,High,High,Low,High,High,High,Business,Business Analyst
High,Low,High,Low,High,High,High,Business,Business Analyst
Medium,Medium,High,Low,High,High,High,Business,Business Analyst
High,Low,High,Medium,Medium,High,High,Business,Business Analyst
High,Low,High,Medium,High,High,High,Business,Business Analyst
High,High,High,Low,High,High,High,Business,Business Analyst
High,High,High,Low,High,Medium,High,Business,Business Analyst
High,Medium,High,Low,Medium,High,High,Business,Business Analyst
High,Medium,High,Low,High,High,Medium,Business,Business Analyst
High,Medium,High,Medium,High,High,High,Business,Business Analyst
High,Low,High,Low,High,High,Medium,Business,Business Analyst
Medium,Low,High,Medium,High,High,Medium,Business,Business Analyst
High,Low,High,Low,High,Medium,High,Business,Business Analyst
High,High,High,Low,High,High,High,Business,Business Analyst
High,Medium,High,Low,Medium,High,High,Business,Business Analyst
High,Low,High,Low,Medium,High,High,Business,Business Analyst
High,Medium,Medium,Low,Medium,Medium,High,Business,Business Analyst
High,Medium,Medium,Low,High,High,High,Business,Business Analyst
High,High,Medium,Low,High,High,High,Business,Business Analyst
Medium,Medium,High,Medium,High,High,Medium,Business,Business Analyst
Medium,Medium,High,Low,High,High,High,Business,Business Analyst
High,Low,High,Low,High,High,High,Business,Business Analyst
High,Medium,Medium,Low,High,Medium,High,Business,Business Analyst
High,Medium,High,Low,High,High,Medium,Business,Business Analyst
High,High,High,Low,High,High,High,Business,Business Analyst
High,Medium,High,Medium,High,High,High,Business,Business Analyst
High,Medium,High,Medium,High,High,High,Business,Business Analyst
High,High,High,Low,High,High,High,Business,Business Analyst
High,Low,High,Medium,Medium,High,High,Business,Business Analyst
High,Low,High,Low,High,High,High,Business,Business Analyst
High,Medium,High,Low,High,High,Medium,Business,Business Analyst
High,High,High,Medium,High,High,High,Business,Business Analyst
High,Medium,High,Low,High,Medium,High,Business,Business Analyst
High,High,High,Low,High,High,High,Business,Business Analyst
High,Medium,High,Low,High,High,Medium,Business,Business Analyst
High,Low,High,Low,High,High,High,Business,Business Analyst
Medium,Medium,High,Medium,High,High,High,Business,Business Analyst
High,Medium,High,Low,High,High,High,Business,Business Analyst
High,High,High,Medium,High,High,Medium,Business,Business Analyst
High,Low,High,Low,Medium,High,High,Business,Business Analyst
High,Medium,Medium,Medium,High,High,Medium,Business,Business Analyst
High,Medium,High,Low,High,High,High,Business,Business Analyst
High,Medium,High,Medium,Medium,High,High,Business,Business Analyst
High,Medium,Medium,Medium,Medium,High,High,Business,Business Analyst
High,Medium,High,Low,High,High,Medium,Business,Business Analyst
High,Medium,High,Low,High,Medium,High,Business,Business Analyst
High,Medium,Medium,Low,Medium,High,High,Business,Business Analyst
Medium,High,High,Medium,High,High,High,Business,Business Analyst
High,Medium,Medium,Low,High,High,High,Business,Business Analyst
High,Medium,High,Low,High,High,High,Business,Business Analyst
High,Medium,High,Low,High,High,Medium,Business,Business Analyst
High,Medium,Medium,Low,High,High,High,Business,Business Analyst
Medium,High,High,Low,High,High,High,Business,Business Analyst
High,Medium,High,Low,High,High,Medium,Business,Business Analyst
High,High,High,Medium,High,High,Medium,Business,Business Analyst
High,Medium,Medium,Low,Medium,High,Medium,Business,Business Analyst
High,High,High,Low,Medium,Medium,Medium,Business,Business Analyst
High,Medium,High,Low,High,High,High,Business,Business Analyst
High,Medium,High,Medium,High,Medium,Medium,Business,Business Analyst
High,Medium,High,Low,Medium,High,High,Business,Business Analyst
Medium,Medium,High,Low,Medium,High,High,Business,Business Analyst
High,Medium,High,Low,High,High,Medium,Business,Business Analyst
Medium,High,High,Low,High,High,High,Business,Business Analyst
High,High,High,Low,High,High,High,Business,Business Analyst
High,Medium,High,Medium,High,High,High,Business,Business Analyst
High,Medium,High,Low,High,High,Medium,Business,Business Analyst
Medium,Low,High,Low,High,High,High,Business,Business Analyst
High,Low,High,Low,High,High,Medium,Business,Business Analyst
High,Medium,High,Low,High,High,High,Business,Business Analyst
High,Medium,Medium,Low,High,High,High,Business,Business Analyst
High,High,Medium,Low,High,High,High,Business,Business Analyst
High,Medium,Medium,Low,High,High,High,Business,Business Analyst
High,Medium,High,Low,Medium,High,High,Business,Business Analyst
High,Medium,High,Medium,Medium,High,High,Business,Business Analyst
High,Low,Low,Low,High,Medium,Medium,Finance,Financial Analyst
High,Medium,Medium,Medium,High,High,Medium,Finance,Financial Analyst
High,Low,Medium,Low,Medium,High,Medium,Finance,Financial Analyst
Medium,Low,Medium,Low,High,High,Medium,Finance,Financial Analyst
High,Low,Medium,Low,High,Medium,Medium,Finance,Financial Analyst
Medium,Low,High,Low,High,High,Medium,Finance,Financial Analyst
High,Low,Medium,Medium,High,High,Medium,Finance,Financial Analyst
Medium,Medium,Medium,Low,Medium,High,Medium,Finance,Financial Analyst
High,Low,Low,Low,Medium,High,Low,Finance,Financial Analyst
High,Low,Low,Low,High,High,Low,Finance,Financial Analyst
High,Low,Medium,Low,High,High,Medium,Finance,Financial Analyst
High,Medium,Medium,Low,Medium,High,Medium,Finance,Financial Analyst
High,Low,Low,Low,High,High,High,Finance,Financial Analyst
Medium,Low,High,Low,High,High,Medium,Finance,Financial Analyst
High,Low,High,Low,High,Medium,Medium,Finance,Financial Analyst
High,Low,High,Low,Medium,High,Low,Finance,Financial Analyst
High,Low,Low,Low,Medium,Medium,Medium,Finance,Financial Analyst
High,Low,High,Medium,High,High,Medium,Finance,Financial Analyst
High,Low,Medium,Medium,Medium,High,High,Finance,Financial Analyst
High,Low,Medium,Low,High,High,Medium,Finance,Financial Analyst
High,Low,Medium,Low,High,High,Medium,Finance,Financial Analyst
High,Low,Medium,Low,High,High,Low,Finance,Financial Analyst
Medium,Low,Low,Low,High,High,Medium,Finance,Financial Analyst
High,Low,High,Medium,High,High,Low,Finance,Financial Analyst
High,Low,Medium,Medium,Medium,High,High,Finance,Financial Analyst
High,Low,High,Low,High,High,Medium,Finance,Financial Analyst
High,Low,Medium,Low,Medium,High,Medium,Finance,Financial Analyst
High,Low,Medium,Medium,High,High,Medium,Finance,Financial Analyst
High,Low,High,Low,Medium,High,High,Finance,Financial Analyst
High,Low,High,Low,High,High,Medium,Finance,Financial Analyst
High,Low,High,Low,High,High,Medium,Finance,Financial Analyst
High,Low,Low,Low,High,High,Low,Finance,Financial Analyst
High,Low,Medium,Medium,High,High,High,Finance,Financial Analyst
High,Low,Medium,Low,High,High,High,Finance,Financial Analyst
High,Low,Medium,Low,High,Medium,High,Finance,Financial Analyst
High,Low,Medium,Low,Medium,High,High,Finance,Financial Analyst
Medium,Low,High,Low,Medium,High,Low,Finance,Financial Analyst
High,Low,High,Low,High,High,Medium,Finance,Financial Analyst
High,Low,High,Low,High,High,Medium,Finance,Financial Analyst
High,Medium,Medium,Low,High,High,Medium,Finance,Financial Analyst
High,Low,Low,Low,Medium,High,Medium,Finance,Financial Analyst
High,Low,Low,Low,High,High,High,Finance,Financial Analyst
High,Medium,Medium,Low,High,High,High,Finance,Financial Analyst
High,Low,Medium,Low,High,High,High,Finance,Financial Analyst
Medium,Medium,Medium,Low,High,High,Medium,Finance,Financial Analyst
High,Medium,Medium,Low,Medium,High,Medium,Finance,Financial Analyst
High,Low,High,Low,Medium,High,High,Finance,Financial Analyst
High,Low,High,Low,High,High,Low,Finance,Financial Analyst
High,Low,Low,Medium,High,High,High,Finance,Financial Analyst
Medium,Low,High,Low,High,High,High,Finance,Financial Analyst
High,Medium,Medium,Low,High,High,Medium,Finance,Financial Analyst
High,Low,High,Low,High,High,Low,Finance,Financial Analyst
High,Medium,Medium,Medium,Medium,High,High,Finance,Financial Analyst
Medium,Low,Medium,Low,High,High,Low,Finance,Financial Analyst
High,Low,Medium,Medium,High,High,Medium,Finance,Financial Analyst
Medium,Low,High,Low,High,High,Medium,Finance,Financial Analyst
High,Low,Medium,Low,High,High,High,Finance,Financial Analyst
Medium,Low,Low,Low,High,High,Medium,Finance,Financial Analyst
High,Low,Medium,Low,High,High,High,Finance,Financial Analyst
High,Low,Medium,Low,Medium,High,Medium,Finance,Financial Analyst
High,Low,Medium,Low,High,High,Medium,Finance,Financial Analyst
High,Low,Medium,Low,High,High,Low,Finance,Financial Analyst
High,Low,Medium,Low,High,Medium,Low,Finance,Financial Analyst
High,Low,Medium,Medium,High,High,Medium,Finance,Financial Analyst
High,Low,Medium,Medium,High,High,Medium,Finance,Financial Analyst
High,Low,High,Low,High,High,High,Finance,Financial Analyst
Medium,Low,Low,Low,High,Medium,High,Finance,Financial Analyst
Medium,Low,Medium,Low,High,High,Medium,Finance,Financial Analyst
Medium,Low,High,Low,Medium,High,Medium,Finance,Financial Analyst
High,Low,Low,Low,High,High,Medium,Finance,Financial Analyst
High,Low,Low,Low,High,High,Medium,Finance,Financial Analyst
Medium,Low,Medium,Low,High,High,Medium,Finance,Financial Analyst
Medium,Low,Low,Low,High,High,Low,Finance,Financial Analyst
High,Low,Medium,Low,Medium,High,Medium,Finance,Financial Analyst
High,Low,Medium,Low,Medium,High,High,Finance,Financial Analyst
High,Low,High,Low,High,High,Low,Finance,Financial Analyst
Medium,Low,Low,Medium,High,High,Low,Finance,Financial Analyst
High,Low,Low,Low,High,High,Medium,Finance,Financial Analyst
High,Low,High,Low,High,High,Medium,Finance,Financial Analyst
High,Low,Low,Medium,High,Medium,Medium,Finance,Financial Analyst
High,Low,High,Medium,High,High,Medium,Finance,Financial Analyst
High,Low,Low,Low,High,High,Low,Finance,Financial Analyst
High,Low,Medium,Low,High,Medium,Medium,Finance,Financial Analyst
High,Low,Medium,Low,High,High,Low,Finance,Financial Analyst
High,Low,Medium,Low,High,Medium,High,Finance,Financial Analyst
High,Low,Medium,Low,High,High,Medium,Finance,Financial Analyst
High,Low,Low,Low,High,Medium,Medium,Finance,Financial Analyst
Medium,Low,Low,Low,High,High,High,Finance,Financial Analyst
High,Medium,Medium,Low,Medium,High,Medium,Finance,Financial Analyst
Medium,Low,High,Low,High,High,Low,Finance,Financial Analyst
High,Low,Medium,Low,High,High,Medium,Finance,Financial Analyst
High,Low,Low,Low,High,High,High,Finance,Financial Analyst
High,Low,Medium,Low,High,High,Medium,Finance,Financial Analyst
Medium,Medium,High,Low,High,High,Low,Finance,Financial Analyst
High,Low,Medium,Low,Medium,High,Medium,Finance,Financial Analyst
High,Low,Medium,Medium,High,High,Medium,Finance,Financial Analyst
High,Low,Medium,Low,High,High,Medium,Finance,Financial Analyst
Medium,Low,Low,Low,Medium,High,Low,Finance,Financial Analyst
High,Low,Medium,Low,High,High,Medium,Finance,Financial Analyst
High,Medium,Medium,Low,High,High,High,Finance,Financial Analyst
